{
  "firestore": {
    "rules": "firestore.rules"
  },
  "emulators": {
    "ui": {
      "enabled": true,
      "host": "0.0.0.0",
      "port": 8081
    },
    "auth": {
      "host": "0.0.0.0",
      "port": 8082
    },
    "pubsub": {
      "host": "0.0.0.0",
      "port": 8083
    },
    "firestore": {
      "host": "0.0.0.0",
      "port": 8084
    }
  },
  "functions": {
    "source": "my-functions",
    "ignore": [
      "node_modules",
      ".git",
      "firebase-debug.log",
      "firebase-debug.*.log"
    ]
  }
}
